number,steps
17828259369,1213
13371194527,1210
20056791791,1208
19334416521,1195
14500812391,1192
12235060455,1184
18352590683,1182
20646664519,1177
19298027167,1164
12212032815,1153
18318049223,1151
17387835787,1138
13040876841,1135
19561315260,1133
19561315261,1133
19561315262,1133
9780657630,1132
9780657631,1132
4890328815,1131
4890328815,1131
4890328815,1131
14670986446,1130
14670986447,1130
7335493223,1129
7335493223,1129
7335493223,1129
7335493223,1129
11003239835,1127
16504859753,1125
12378644814,1122
12378644815,1122
6189322407,1121
6189322407,1121
6189322407,1121
6189322407,1121
18567967222,1120
18567967223,1120
9283983611,1119
13925975417,1117
20888963126,1115
20888963127,1115
10444481563,1114
15666722345,1112
11750041759,1109
17625062639,1107
19295252713,1102
19295252715,1102
20136615963,1102
14471439535,1099
20774773479,1097
10853579649,1096
16280369474,1094
16280369475,1094
16280369479,1094
8140184737,1093
8140184737,1093
8140184737,1093
8140184737,1093
12210277106,1091
12210277107,1091
6105138553,1090
6105138553,1090
6105138553,1090
6105138553,1090
18315415660,1089
18315415661,1089
18315415662,1089
9157707830,1088
9157707831,1088
4578853915,1087
4578853915,1087
4578853915,1087
13736561746,1086
13736561747,1086
6868280873,1085
6868280873,1085
6868280873,1085
6868280873,1085
20604842620,1084
20604842621,1084
20604842622,1084
20604842623,1084
10302421310,1083
10302421311,1083
5151210655,1082
5151210655,1082
5151210655,1082
15453631966,1081
15453631967,1081
7726815983,1080
7726815983,1080
7726815983,1080
7726815983,1080
11590223975,1078
16993923675,1076
17385335963,1076
17385336039,1076
19118164135,1071
19558502959,1071
16502486823,1063
18565297686,1058
18565297687,1058
18565297689,1058
18565297695,1058
18565297705,1058
9282648843,1057
13859561451,1055
13923973257,1055
13923973265,1055
13923973266,1055
13923973267,1055
13923973279,1055
13923973359,1055
6961986633,1054
6961986633,1054
6961986633,1054
6961986633,1054
20789342177,1053
20885959886,1053
20885959887,1053
20885959896,1053
20885959898,1053
20885959900,1053
20885959901,1053
20885959911,1053
20885959919,1053
20885959947,1053
20885959963,1053
20885960039,1053
10442979943,1052
10442979948,1052
10442979949,1052
10442979950,1052
5221489974,1051
5221489974,1051
5221489974,1051
5221489975,1051
5221489975,1051
5221489975,1051
2610744987,1050
2610744987,1050
2610744987,1050
15592006633,1050
15664469915,1050
15664469924,1050
15664469925,1050
15664469926,1050
15664469961,1050
15832042651,1050
7832234962,1049
7832234962,1049
7832234962,1049
7832234962,1049
7832234963,1049
7832234963,1049
7832234963,1049
7832234963,1049
3916117481,1048
3916117481,1048
3916117481,1048
11694004975,1047
11748352444,1047
11748352445,1047
11748352446,1047
11748352470,1047
11748352471,1047
11900594247,1047
5874176222,1046
5874176222,1046
5874176222,1046
5874176222,1046
5874176223,1046
5874176223,1046
5874176223,1046
5874176223,1046
5874176235,1046
5874176235,1046
5874176235,1046
5874176235,1046
2937088111,1045
2937088111,1045
2937088111,1045
17541007463,1045
17622528654,1045
17622528655,1045
17622528668,1045
17622528669,1045
17622528670,1045
17622528706,1045
17622528707,1045
17811047983,1045
17850891371,1045
18648890209,1045
8811264327,1044
8811264327,1044
8811264327,1044
8811264327,1044
8811264334,1044
8811264334,1044
8811264334,1044
8811264334,1044
8811264335,1044
8811264335,1044
8811264335,1044
8811264335,1044
8811264353,1044
8811264353,1044
8811264353,1044
8811264353,1044
4405632167,1043
4405632167,1043
4405632167,1043
13216896491,1042
13216896502,1042
13216896503,1042
13216896530,1042
13216896531,1042
13216896639,1042
13986667657,1042
6608448251,1041
6608448251,1041
6608448251,1041
6608448251,1041
6608448265,1041
6608448265,1041
6608448265,1041
6608448265,1041
19825344726,1040
19825344727,1040
19825344737,1040
19825344754,1040
19825344755,1040
19825344796,1040
19825344797,1040
19825344798,1040
19825344959,1040
19825344990,1040
19825344991,1040
20082252793,1040
9912672363,1039
9912672377,1039
9912672398,1039
9912672399,1039
9912672495,1039
10490000743,1039
4956336199,1038
4956336199,1038
4956336199,1038
14869008545,1037
14869008553,1037
14869008566,1037
14869008567,1037
14869008598,1037
14869008599,1037
14869008743,1037
15061689595,1037
15735001115,1037
7434504283,1036
7434504283,1036
7434504283,1036
7434504283,1036
7434504299,1036
7434504299,1036
7434504299,1036
7434504299,1036
11151756409,1034
11151756415,1034
11151756425,1034
11151756449,1034
16727634614,1032
16727634615,1032
16727634619,1032
16727634623,1032
16727634638,1032
16727634639,1032
16727634674,1032
16727634675,1032
16727634687,1032
16944400795,1032
17701876255,1032
8363817307,1031
8363817307,1031
8363817307,1031
8363817307,1031
8363817319,1031
8363817319,1031
8363817319,1031
8363817319,1031
8363817337,1031
8363817337,1031
8363817337,1031
8363817337,1031
12545725961,1029
12545725979,1029
12545726006,1029
12545726007,1029
12545726127,1029
12623211291,1029
6272863003,1028
6272863003,1028
6272863003,1028
6272863003,1028
18690728703,1027
18818588942,1027
18818588943,1027
18818588946,1027
18818588947,1027
18818588969,1027
18818589010,1027
18818589011,1027
18818589087,1027
18818589159,1027
18818589191,1027
18934816937,1027
19062450894,1027
19062450895,1027
9409294471,1026
9409294473,1026
9409294505,1026
9531225447,1026
14113941707,1024
14113941710,1024
14113941711,1024
14113941726,1024
14113941727,1024
14113941758,1024
14113941759,1024
14201112699,1024
14201112703,1024
14264927463,1024
14296838171,1024
14744205639,1024
7056970855,1023
7056970855,1023
7056970855,1023
7056970855,1023
7056970863,1023
7056970863,1023
7056970863,1023
7056970863,1023
7056970879,1023
7056970879,1023
7056970879,1023
7056970879,1023
20692368249,1022
10585456281,1021
10585456283,1021
10585456295,1021
10585456319,1021
10585456347,1021
15519276187,1019
15878184420,1019
15878184421,1019
15878184422,1019
15878184423,1019
15878184425,1019
15878184427,1019
15878184443,1019
15878184479,1019
15878184489,1019
15878184521,1019
15878184537,1019
15878184559,1019
15878184603,1019
15878184630,1019
15878184631,1019
15976251787,1019
16083942943,1019
16318426239,1019
7939092210,1018
7939092210,1018
7939092210,1018
7939092210,1018
7939092211,1018
7939092211,1018
7939092211,1018
7939092211,1018
7939092315,1018
7939092315,1018
7939092315,1018
7939092315,1018
3969546105,1017
3969546105,1017
3969546105,1017
11908638316,1016
11908638317,1016
11908638318,1016
11908638319,1016
11908638363,1016
11908638367,1016
11908638390,1016
11908638391,1016
11908638402,1016
11908638403,1016
11908638473,1016
11982188841,1016
12602214639,1016
5954319158,1015
5954319158,1015
5954319158,1015
5954319158,1015
5954319159,1015
5954319159,1015
5954319159,1015
5954319159,1015
5954319195,1015
5954319195,1015
5954319195,1015
5954319195,1015
5954319201,1015
5954319201,1015
5954319201,1015
5954319201,1015
2977159579,1014
2977159579,1014
2977159579,1014
17156066335,1014
17459185711,1014
17479971951,1014
17862957474,1014
17862957475,1014
17862957476,1014
17862957477,1014
17862957478,1014
17862957479,1014
17862957481,1014
17862957499,1014
17862957511,1014
17862957543,1014
17862957545,1014
17862957551,1014
17862957586,1014
17862957587,1014
17862957604,1014
17862957605,1014
17862957606,1014
17862957609,1014
17862957679,1014
17862957710,1014
17862957711,1014
17973283260,1014
17973283261,1014
17973283262,1014
17973283266,1014
17973283267,1014
18660635263,1014
18903321959,1014
8931478737,1013
8931478738,1013
8931478739,1013
8931478793,1013
8931478802,1013
8931478803,1013
8931478855,1013
8986641630,1013
8986641631,1013
8986641633,1013
4465739369,1012
4465739369,1012
4465739369,1012
4465739401,1012
4465739401,1012
4465739401,1012
4493320815,1012
4493320815,1012
4493320815,1012
13397218104,1011
13397218106,1011
13397218107,1011
13397218108,1011
13397218109,1011
13397218110,1011
13397218111,1011
13397218159,1011
13397218190,1011
13397218191,1011
13397218204,1011
13397218205,1011
13397218206,1011
13397218207,1011
13397218283,1011
13479962446,1011
13479962447,1011
13479962450,1011
13479962451,1011
13540536615,1011
6698609052,1010
6698609052,1010
6698609052,1010
6698609052,1010
6698609053,1010
6698609053,1010
6698609053,1010
6698609053,1010
6698609054,1010
6698609054,1010
6698609054,1010
6698609054,1010
6698609055,1010
6698609055,1010
6698609055,1010
6698609055,1010
6698609095,1010
6698609095,1010
6698609095,1010
6698609095,1010
6698609102,1010
6698609102,1010
6698609102,1010
6698609102,1010
6698609103,1010
6698609103,1010
6698609103,1010
6698609103,1010
6739981223,1010
6739981223,1010
6739981223,1010
6739981223,1010
6739981225,1010
6739981225,1010
6739981225,1010
6739981225,1010
3349304526,1009
3349304526,1009
3349304526,1009
3349304527,1009
3349304527,1009
3349304527,1009
3349304551,1009
3349304551,1009
3349304551,1009
19006976751,1009
19080590571,1009
19837099243,1009
20095827160,1009
20095827161,1009
20095827162,1009
20095827163,1009
20095827164,1009
20095827165,1009
20095827166,1009
20095827167,1009
20095827186,1009
20095827187,1009
20095827239,1009
20095827247,1009
20095827286,1009
20095827287,1009
20095827308,1009
20095827309,1009
20095827310,1009
20095827311,1009
20095827391,1009
20095827425,1009
20219943670,1009
20219943671,1009
20219943673,1009
20219943676,1009
20219943677,1009
20219943678,1009
20310804923,1009
20324740255,1009
1674652263,1008
1674652263,1008
1674652263,1008
10047913580,1008
10047913581,1008
10047913582,1008
10047913583,1008
10047913593,1008
10047913643,1008
10047913654,1008
10047913655,1008
10109971835,1008
10109971838,1008
10109971839,1008
5023956790,1007
5023956790,1007
5023956790,1007
5023956791,1007
5023956791,1007
5023956791,1007
5023956827,1007
5023956827,1007
5023956827,1007
5054985919,1007
5054985919,1007
5054985919,1007
2511978395,1006
2511978395,1006
2511978395,1006
15055215993,1006
15071870370,1006
15071870371,1006
15071870372,1006
15071870373,1006
15071870374,1006
15071870375,1006
15071870379,1006
15071870390,1006
15071870391,1006
15071870427,1006
15071870465,1006
15071870482,1006
15071870483,1006
15071870569,1006
15164957753,1006
15164957755,1006
15164957758,1006
15164957759,1006
16408062402,1006
16408062403,1006
7535935185,1005
7535935185,1005
7535935185,1005
7535935185,1005
7535935186,1005
7535935186,1005
7535935186,1005
7535935186,1005
7535935187,1005
7535935187,1005
7535935187,1005
7535935187,1005
7535935195,1005
7535935195,1005
7535935195,1005
7535935195,1005
7535935241,1005
7535935241,1005
7535935241,1005
7535935241,1005
7582478879,1005
7582478879,1005
7582478879,1005
7582478879,1005
8204031201,1005
8204031201,1005
8204031201,1005
8204031201,1005
3767967593,1004
3767967593,1004
3767967593,1004
11291411995,1003
11303902776,1003
11303902778,1003
11303902779,1003
11303902780,1003
11303902781,1003
11303902791,1003
11303902793,1003
11303902827,1003
11303902849,1003
11303902862,1003
11303902863,1003
11303902875,1003
11303902926,1003
11303902927,1003
11373718315,1003
11373718319,1003
11424827769,1003
12306046802,1003
12306046803,1003
5651951388,1002
5651951388,1002
5651951388,1002
5651951389,1002
5651951389,1002
5651951389,1002
5651951390,1002
5651951390,1002
5651951390,1002
5651951431,1002
5651951431,1002
5651951431,1002
5651951463,1002
5651951463,1002
5651951463,1002
6153023401,1002
6153023401,1002
6153023401,1002
6153023401,1002
2825975694,1001
2825975694,1001
2825975694,1001
2825975695,1001
2825975695,1001
2825975695,1001
16099248295,1001
16737552487,1001
16901948187,1001
16937117991,1001
16937117993,1001
16955854168,1001
16955854169,1001
16955854170,1001
16955854172,1001
16955854173,1001
16955854177,1001
16955854185,1001
16955854187,1001
16955854188,1001
16955854189,1001
16955854190,1001
16955854191,1001
16955854201,1001
16955854230,1001
16955854231,1001
16955854233,1001
16955854241,1001
16955854273,1001
16955854274,1001
16955854275,1001
16955854294,1001
16955854295,1001
16955854311,1001
16955854313,1001
16955854390,1001
16955854391,1001
17060577473,1001
17060577474,1001
17060577475,1001
17060577479,1001
17137241654,1001
17137241655,1001
18459070204,1001
18459070205,1001
18459070206,1001
18459070207,1001
1412987847,1000
1412987847,1000
1412987847,1000
8477927084,1000
8477927084,1000
8477927084,1000
8477927084,1000
8477927085,1000
8477927085,1000
8477927085,1000
8477927085,1000
8477927086,1000
8477927086,1000
8477927086,1000
8477927086,1000
8477927094,1000
8477927094,1000
8477927094,1000
8477927094,1000
8477927095,1000
8477927095,1000
8477927095,1000
8477927095,1000
8477927115,1000
8477927115,1000
8477927115,1000
8477927115,1000
8477927137,1000
8477927137,1000
8477927137,1000
8477927137,1000
8477927147,1000
8477927147,1000
8477927147,1000
8477927147,1000
8477927195,1000
8477927195,1000
8477927195,1000
8477927195,1000
8530288737,1000
8530288737,1000
8530288737,1000
8530288737,1000
8568620827,1000
8568620827,1000
8568620827,1000
8568620827,1000
9229535102,1000
9229535103,1000
4238963542,999
4238963542,999
4238963542,999
4238963543,999
4238963543,999
4238963543,999
4238963547,999
4238963547,999
4238963547,999
4614767551,999
4614767551,999
4614767551,999
2119481771,998
2119481771,998
2119481771,998
12425020281,998
12702838494,998
12702838495,998
12716890626,998
12716890627,998
12716890628,998
12716890629,998
12716890630,998
12716890633,998
12716890635,998
12716890638,998
12716890639,998
12716890642,998
12716890643,998
12716890651,998
12716890665,998
12716890673,998
12716890674,998
12716890675,998
12716890681,998
12716890705,998
12716890706,998
12716890707,998
12716890721,998
12716890735,998
12716890793,998
12795433105,998
12795433106,998
12795433107,998
12852931241,998
12860998815,998
12861749451,998
13844302654,998
13844302655,998
6351419247,997
6351419247,997
6351419247,997
6351419247,997
6358445313,997
6358445313,997
6358445313,997
6358445313,997
6358445314,997
6358445314,997
6358445314,997
6358445314,997
6358445315,997
6358445315,997
6358445315,997
6358445315,997
6358445319,997
6358445319,997
6358445319,997
6358445319,997
6358445321,997
6358445321,997
6358445321,997
6358445321,997
6358445337,997
6358445337,997
6358445337,997
6358445337,997
6358445353,997
6358445353,997
6358445353,997
6358445353,997
6397716553,997
6397716553,997
6397716553,997
6397716553,997
6922151327,997
6922151327,997
6922151327,997
6922151327,997
3179222657,996
3179222657,996
3179222657,996
18637530422,996
18637530423,996
18644159742,996
18644159743,996
18666356767,996
18971087343,996
19014691710,996
19014691711,996
19054257742,996
19054257743,996
19075335940,996
19075335941,996
19075335942,996
19075335944,996
19075335946,996
19075335948,996
19075335949,996
19075335950,996
19075335951,996
19075335953,996
19075335958,996
19075335959,996
19075335961,996
19075335964,996
19075335965,996
19075335966,996
19075335967,996
19075335969,996
19075335975,996
19075335977,996
19075335998,996
19075335999,996
19075336008,996
19075336009,996
19075336010,996
19075336012,996
19075336013,996
19075336017,996
19075336022,996
19075336023,996
19075336056,996
19075336058,996
19075336060,996
19075336061,996
19075336075,996
19075336081,996
19075336082,996
19075336083,996
19075336095,996
19075336103,996
19075336107,996
19075336155,996
19075336188,996
19075336189,996
19075336190,996
19075336191,996
19193149656,996
19193149658,996
19193149660,996
19193149661,996
19279396862,996
19279396863,996
19291498223,996
19292624177,996
19292624178,996
19292624179,996
19292624287,996
19322524098,996
19322524099,996
19485314107,996
19667455135,996
19921655275,996
19926031785,996
20766453982,996
20766453983,996
9318765211,995
9322079871,995
9507345855,995
9527128871,995
9537667970,995
9537667971,995
9537667972,995
9537667973,995
9537667974,995
9537667975,995
9537667979,995
9537667982,995
9537667983,995
9537667999,995
9537668004,995
9537668005,995
9537668006,995
9537668011,995
9537668028,995
9537668029,995
9537668030,995
9537668041,995
9537668094,995
9537668095,995
9596574828,995
9596574829,995
9596574830,995
9639698431,995
9646312089,995
9661262049,995
10383226991,995
4768833991,994
4768833991,994
4768833991,994
4768834002,994
4768834002,994
4768834002,994
4768834003,994
4768834003,994
4768834003,994
4768834014,994
4768834014,994
4768834014,994
4768834015,994
4768834015,994
4768834015,994
4768834047,994
4768834047,994
4768834047,994
4798287414,994
4798287414,994
4798287414,994
4798287415,994
4798287415,994
4798287415,994
